MasterCategoryID,GroupID,Name
320,8322,English Books
316,8322,Sách tiếng Việt
7741,8322,Văn phòng phẩm
18328,8322,Quà lưu niệm
1795,1789,Điện thoại Smartphone
1794,1789,Máy tính bảng
28856,1789,Máy đọc sách
1796,1789,Điện thoại phổ thông
8061,1789,Điện thoại bàn
8095,1846,Laptop
12884,1846,Thiết Bị Văn Phòng - Thiết Bị Ngoại Vi
8060,1846,Thiết Bị Lưu Trữ
2663,1846,Thiết Bị Mạng
8093,1846,PC - Máy Tính Bộ
8129,1846,Linh Kiện Máy Tính - Phụ Kiện Máy Tính
